,state,year,cpi,pop,packpc,income,tax,avgprs,taxs,state_fn,year_str
1,AL,1985,1.07599997520447,3973000,116.486282348633,46014968,32.5000038146973,102.181671142578,33.3483352661133,Alabama,1985
2,AR,1985,1.07599997520447,2327000,128.534591674805,26210736,37.0,101.474998474121,37.0,Arkansas,1985
3,AZ,1985,1.07599997520447,3184000,104.52261352539101,43956936,31.0,108.578750610352,36.170417785644496,Arizona,1985
4,CA,1985,1.07599997520447,26444000,100.363037109375,447102816,26.0,107.83734130859399,32.1040000915527,California,1985
5,CO,1985,1.07599997520447,3209000,112.963539123535,49466672,31.0,94.26666259765629,31.0,Colorado,1985
6,CT,1985,1.07599997520447,3201000,109.278350830078,60063368,42.0,128.024993896484,51.483333587646506,Connecticut,1985
7,DE,1985,1.07599997520447,618000,143.851135253906,9927301,30.0,102.491661071777,30.0,Delaware,1985
8,FL,1985,1.07599997520447,11352000,122.181121826172,166919248,37.0,115.290000915527,42.4900016784668,Florida,1985
9,GA,1985,1.07599997520447,5963000,127.234619140625,78364336,28.0,97.0251693725586,28.841833114624,Georgia,1985
10,IA,1985,1.07599997520447,2830000,113.74558258056601,37902896,34.0,101.842002868652,37.916999816894496,Iowa,1985
11,ID,1985,1.07599997520447,994000,103.018112182617,11577261,25.100000381469695,102.89933013916,29.0576667785645,Idaho,1985
12,IL,1985,1.07599997520447,11401000,123.208480834961,176786352,28.0000057220459,104.440254211426,28.9152565002441,Illinois,1985
13,IN,1985,1.07599997520447,5460000,137.63737487793,71751616,26.5,96.1800003051758,31.0799999237061,Indiana,1985
14,KS,1985,1.07599997520447,2428000,116.68039703369101,34784360,32.0,98.92291259765629,34.8812484741211,Kansas,1985
15,KY,1985,1.07599997520447,3695000,186.035186767578,42703144,19.0,87.00125122070308,23.1429176330566,Kentucky,1985
16,LA,1985,1.07599997520447,4409000,127.557266235352,53431900,32.0,108.393997192383,36.168998718261705,Louisiana,1985
17,MA,1985,1.07599997520447,5881000,115.677597045898,98328688,42.0,112.208335876465,42.0,Massachusetts,1985
18,MD,1985,1.07599997520447,4414000,120.978706359863,74851664,29.0,91.96666717529301,29.0,Maryland,1985
19,ME,1985,1.07599997520447,1163000,128.116943359375,14575292,36.0,107.047500610352,41.0974998474121,Maine,1985
20,MI,1985,1.07599997520447,9077000,128.00485229492202,133728040,37.0,104.914169311523,37.8308334350586,Michigan,1985
21,MN,1985,1.07599997520447,4185000,112.90322875976601,63152360,34.0,113.64966583252001,40.4329986572266,Minnesota,1985
22,MO,1985,1.07599997520447,5001000,130.373931884766,69341920,29.000003814697298,99.33816528320308,29.8548374176025,Missouri,1985
23,MS,1985,1.07599997520447,2588000,117.040184020996,25678534,27.58333206176761,105.293334960938,33.5433311462402,Mississippi,1985
24,MT,1985,1.07599997520447,822000,104.25790405273399,9785230,32.0,99.2916641235352,32.0,Montana,1985
25,NC,1985,1.07599997520447,6255000,155.283767700195,79104656,18.0,84.9679946899414,21.26799964904789,North Carolina,1985
26,ND,1985,1.07599997520447,677000,105.465286254883,8672948,34.0,106.807998657227,38.108001708984396,North Dakota,1985
27,NE,1985,1.07599997520447,1585000,107.38170623779301,21778072,34.0,104.60666656494101,38.02333450317379,Nebraska,1985
28,NH,1985,1.07599997520447,997000,197.993988037109,15767469,33.0,95.5,33.0,New Hampshire,1985
29,NJ,1985,1.07599997520447,7566000,116.521278381348,133549208,41.0,110.416664123535,41.0,New Jersey,1985
30,NM,1985,1.07599997520447,1439000,88.74217987060551,17258916,28.0,102.77799987792999,31.952999114990202,New Mexico,1985
31,NV,1985,1.07599997520447,951000,141.95584106445298,14581495,31.0,114.18849945068399,37.4635009765625,Nevada,1985
32,NY,1985,1.07599997520447,17794000,116.66291809082001,297728512,37.0000038146973,109.99782562255899,37.881172180175795,New York,1985
33,OH,1985,1.07599997520447,10736000,127.598739624023,153455776,30.0,100.42374420166,34.7820816040039,Ohio,1985
34,OK,1985,1.07599997520447,3272000,127.139366149902,43395580,34.0,101.46807861328101,34.826416015625,Oklahoma,1985
35,OR,1985,1.07599997520447,2673000,119.45379638671899,36205164,35.0,97.03333282470699,35.0,Oregon,1985
36,PA,1985,1.07599997520447,11772000,117.703025817871,170033840,34.0,109.074005126953,40.173999786377,Pennsylvania,1985
37,RI,1985,1.07599997520447,967000,132.781784057617,14229156,39.0,100.941665649414,39.0,Rhode Island,1985
38,SC,1985,1.07599997520447,3304000,127.209442138672,38536176,23.0,90.6412506103516,27.3162498474121,South Carolina,1985
39,SD,1985,1.07599997520447,698000,106.59025573730499,8340000,31.0,97.0833358764648,31.0,South Dakota,1985
40,TN,1985,1.07599997520447,4716000,129.83459472656202,57749668,29.0,101.945503234863,34.770500183105504,Tennessee,1985
41,TX,1985,1.07599997520447,16275000,115.102928161621,231003152,35.25,107.37999725341801,39.3800010681152,Texas,1985
42,UT,1985,1.07599997520447,1643000,68.046257019043,19462380,28.0,110.195838928223,34.2374992370605,Utah,1985
43,VA,1985,1.07599997520447,5716000,134.00979614257798,87361632,18.5000019073486,91.6153335571289,22.023668289184602,Virginia,1985
44,VT,1985,1.07599997520447,530000,145.283020019531,6887097,33.0,100.98333740234399,33.0,Vermont,1985
45,WA,1985,1.07599997520447,4401000,96.2281265258789,64846548,39.0,129.461090087891,47.469417572021506,Washington,1985
46,WI,1985,1.07599997520447,4748000,107.876998901367,65732720,41.0,114.590003967285,46.4566650390625,Wisconsin,1985
47,WV,1985,1.07599997520447,1907000,112.84740447997999,20852964,33.0,108.91124725341801,38.186248779296896,West Virginia,1985
48,WY,1985,1.07599997520447,500000,129.399993896484,7116756,24.0,93.46666717529301,24.0,Wyoming,1985
49,AL,1986,1.09599995613098,3992000,117.159317016602,48703940,32.5000038146973,107.98916625976601,33.405838012695305,Alabama,1986
50,AR,1986,1.09599995613098,2332000,127.658660888672,27363680,37.0,109.083335876465,37.0,Arkansas,1986
51,AZ,1986,1.09599995613098,3309000,103.294044494629,47848132,31.0,116.199996948242,36.533332824706996,Arizona,1986
52,CA,1986,1.09599995613098,27106000,96.36611938476558,477762464,26.0,110.354835510254,32.2465019226074,California,1986
53,CO,1986,1.09599995613098,3238000,109.234092712402,51062272,31.0,100.058334350586,31.0,Colorado,1986
54,CT,1986,1.09599995613098,3224000,106.761787414551,64597832,42.0,130.625991821289,51.675998687744105,Connecticut,1986
55,DE,1986,1.09599995613098,628000,140.76432800293,10530821,30.0,108.816665649414,30.0,Delaware,1986
56,FL,1986,1.09599995613098,11669000,120.61873626709,179951680,37.0,121.94000244140601,42.806667327880895,Florida,1986
57,GA,1986,1.09599995613098,6085000,126.573539733887,85125968,28.0,103.219833374023,28.9031658172607,Georgia,1986
58,IA,1986,1.09599995613098,2792000,107.77220916747999,39144360,40.0,114.37400054931601,44.398998260498,Iowa,1986
59,ID,1986,1.09599995613098,990000,98.28282928466801,11850746,25.100000381469695,108.263999938965,29.2639999389648,Idaho,1986
60,IL,1986,1.09599995613098,11389000,119.58029937744101,185432176,32.666671752929695,113.912826538086,33.629505157470696,Illinois,1986
61,IN,1986,1.09599995613098,5455000,138.881759643555,75381600,26.5,102.261245727539,31.369583129882802,Indiana,1986
62,KS,1986,1.09599995613098,2433000,110.028778076172,36256488,38.0,110.93958282470699,41.2312507629395,Kansas,1986
63,KY,1986,1.09599995613098,3688000,181.805847167969,44233712,19.0,92.7937469482422,23.4187507629395,Kentucky,1986
64,LA,1986,1.09599995613098,4407000,123.25845336914101,53005136,32.0,117.008666992187,36.5003318786621,Louisiana,1986
65,MA,1986,1.09599995613098,5903000,114.24699401855499,105975744,42.0,118.150001525879,42.0,Massachusetts,1986
66,MD,1986,1.09599995613098,4488000,119.229049682617,80611616,29.0,97.3833389282227,29.0,Maryland,1986
67,ME,1986,1.09599995613098,1170000,118.37606811523399,15753707,42.0,121.441246032715,47.7829170227051,Maine,1986
68,MI,1986,1.09599995613098,9129000,126.136489868164,142146336,37.0,110.03150177002001,37.88150024414061,Michigan,1986
69,MN,1986,1.09599995613098,4206000,104.46980285644501,66784232,39.0,125.627670288086,46.11100006103521,Minnesota,1986
70,MO,1986,1.09599995613098,5024000,129.10031127929702,72858704,29.000003814697298,106.67749786377001,29.927503585815398,Missouri,1986
71,MS,1986,1.09599995613098,2594000,114.03237915039101,26694922,34.0,118.41967010497999,40.7029991149902,Mississippi,1986
72,MT,1986,1.09599995613098,814000,99.38574981689449,10143255,32.0,104.449996948242,32.0,Montana,1986
73,NC,1986,1.09599995613098,6322000,152.752304077148,84987520,18.0,92.1112518310547,22.3862495422363,North Carolina,1986
74,ND,1986,1.09599995613098,670000,102.089553833008,8788163,34.0,112.06866455078101,38.310333251953104,North Dakota,1986
75,NE,1986,1.09599995613098,1575000,105.206352233887,22378720,35.666664123535206,112.744667053223,40.002998352050795,Nebraska,1986
76,NH,1986,1.09599995613098,1025000,190.634140014648,17399088,33.0,101.166664123535,33.0,New Hampshire,1986
77,NJ,1986,1.09599995613098,7623000,114.574317932129,142617056,41.0,117.474998474121,41.0,New Jersey,1986
78,NM,1986,1.09599995613098,1463000,87.2863998413086,17882868,28.0,108.88800048828101,32.187999725341804,New Mexico,1986
79,NV,1986,1.09599995613098,981000,135.168197631836,15715826,31.0,117.57166290283199,37.654998779296896,Nevada,1986
80,NY,1986,1.09599995613098,17836000,113.562461853027,317914048,37.0000038146973,115.519165039063,37.9358367919922,New York,1986
81,OH,1986,1.09599995613098,10732000,126.593360900879,160236048,30.0,105.51624298095699,35.024581909179695,Ohio,1986
82,OK,1986,1.09599995613098,3253000,121.303413391113,43222260,34.0,111.23983001709,34.923168182373,Oklahoma,1986
83,OR,1986,1.09599995613098,2684000,112.071533203125,38003492,41.0,109.933334350586,41.0,Oregon,1986
84,PA,1986,1.09599995613098,11784000,114.68093109130899,178937904,34.0,114.34750366210899,40.4724998474121,Pennsylvania,1986
85,RI,1986,1.09599995613098,975000,135.384613037109,15233344,39.4000015258789,107.691665649414,39.4000015258789,Rhode Island,1986
86,SC,1986,1.09599995613098,3343000,126.742446899414,40974356,23.0,97.1775054931641,27.627500534057607,South Carolina,1986
87,SD,1986,1.09599995613098,696000,98.85057830810551,8690783,39.0,111.53333282470699,39.0,South Dakota,1986
88,TN,1986,1.09599995613098,4739000,129.33108520507798,61580548,29.0,107.634170532227,35.092498779296896,Tennessee,1986
89,TX,1986,1.09599995613098,16563000,111.44720458984399,234593728,36.333335876464794,114.945999145508,40.754337310791,Texas,1986
90,UT,1986,1.09599995613098,1663000,64.76247406005861,20367186,28.0,112.863494873047,34.388500213623,Utah,1986
91,VA,1986,1.09599995613098,5812000,133.310394287109,94363768,18.5000019073486,96.9539947509766,22.2290019989014,Virginia,1986
92,VT,1986,1.09599995613098,534000,131.460678100586,7392319,33.0,114.495330810547,37.40366744995121,Vermont,1986
93,WA,1986,1.09599995613098,4453000,93.2854232788086,69114048,41.0,136.951080322266,49.959415435790994,Washington,1986
94,WI,1986,1.09599995613098,4756000,105.88729858398399,69101072,41.0,119.708755493164,46.7004165649414,Wisconsin,1986
95,WV,1986,1.09599995613098,1883000,115.24163818359399,21578364,33.0,114.633750915527,38.4587516784668,West Virginia,1986
96,WY,1986,1.09599995613098,496000,127.822578430176,6940614,24.0,100.65833282470699,24.0,Wyoming,1986
97,AL,1987,1.1360000371933,4016000,115.836654663086,51846312,32.5000038146973,113.527328491211,33.4606704711914,Alabama,1987
98,AR,1987,1.1360000371933,2343000,125.309432983398,28540168,37.0,117.025001525879,37.0,Arkansas,1987
99,AZ,1987,1.1360000371933,3438000,100.34903717041,52003120,31.0,119.175003051758,36.6749992370605,Arizona,1987
100,CA,1987,1.1360000371933,27781000,92.46607208251949,517348384,26.0,118.481498718262,32.7065010070801,California,1987
101,CO,1987,1.1360000371933,3261000,102.698554992676,53527656,36.0,112.916664123535,36.0,Colorado,1987
102,CT,1987,1.1360000371933,3248000,106.61946105957001,71098736,42.0,136.92599487304702,52.1426658630371,Connecticut,1987
103,DE,1987,1.1360000371933,637000,137.519622802734,11422540,30.0,116.008338928223,30.0,Delaware,1987
104,FL,1987,1.1360000371933,11999000,119.226600646973,196939232,40.0,132.78125,46.3229179382324,Florida,1987
105,GA,1987,1.1360000371933,6209000,124.78659820556601,92007472,28.0,107.941581726074,28.9499168395996,Georgia,1987
106,IA,1987,1.1360000371933,2767000,107.55330657959,41224700,42.0,126.091323852539,46.849666595459006,Iowa,1987
107,ID,1987,1.1360000371933,985000,99.28933715820308,12421681,27.3250007629395,118.404998779297,32.963333129882805,Idaho,1987
108,IL,1987,1.1360000371933,11393000,111.93716430664101,196946624,36.000007629394496,128.056838989258,43.24850845336911,Illinois,1987
109,IN,1987,1.1360000371933,5474000,136.773849487305,80257856,26.5,107.677505493164,31.627500534057607,Indiana,1987
110,KS,1987,1.1360000371933,2446000,106.255111694336,38106992,40.0,124.782669067383,44.7993316650391,Kansas,1987
111,KY,1987,1.1360000371933,3684000,175.950057983398,47080768,19.0,97.4137496948242,23.6387500762939,Kentucky,1987
112,LA,1987,1.1360000371933,4345000,121.56501770019501,53286764,32.0,124.08933258056601,36.772666931152294,Louisiana,1987
113,MA,1987,1.1360000371933,5936000,112.095687866211,115760808,42.0,126.933334350586,42.0,Massachusetts,1987
114,MD,1987,1.1360000371933,4566000,115.878219604492,87731312,29.0,105.491668701172,29.0,Maryland,1987
115,ME,1987,1.1360000371933,1185000,123.96624755859399,17289266,44.0,132.037506103516,50.2874984741211,Maine,1987
116,MI,1987,1.1360000371933,9189000,122.36369323730499,148190832,37.0,118.66699981689501,37.9669990539551,Michigan,1987
117,MN,1987,1.1360000371933,4236000,108.498580932617,71570232,40.25,132.711990356445,47.762001037597706,Minnesota,1987
118,MO,1987,1.1360000371933,5057000,129.681625366211,77114720,29.000003814697298,113.04891967773399,29.990587234497102,Missouri,1987
119,MS,1987,1.1360000371933,2589000,112.51448059082001,28248528,34.0,126.952667236328,41.1860008239746,Mississippi,1987
120,MT,1987,1.1360000371933,805000,95.2795028686523,10462867,32.0,111.508331298828,32.0,Montana,1987
121,NC,1987,1.1360000371933,6405000,148.103042602539,91733648,18.0,96.5625,20.8125,North Carolina,1987
122,ND,1987,1.1360000371933,661000,97.730712890625,8968475,34.0,117.138671875,38.505332946777294,North Dakota,1987
123,NE,1987,1.1360000371933,1567000,104.913848876953,23552768,39.0,121.645332336426,43.67866516113279,Nebraska,1987
124,NH,1987,1.1360000371933,1054000,185.19923400878898,19368684,33.0,108.708335876465,33.0,New Hampshire,1987
125,NJ,1987,1.1360000371933,7672000,110.792495727539,155179008,41.0,125.550003051758,41.0,New Jersey,1987
126,NM,1987,1.1360000371933,1479000,82.0824890136719,18756172,31.0,117.853744506836,36.6120834350586,New Mexico,1987
127,NV,1987,1.1360000371933,1024000,135.7421875,17280732,31.0,127.394332885742,38.2109985351562,Nevada,1987
128,NY,1987,1.1360000371933,17871000,109.434280395508,340067904,37.0000038146973,123.203582763672,38.0119209289551,New York,1987
129,OH,1987,1.1360000371933,10762000,125.450653076172,168667712,30.0,108.65749359130899,35.174167633056605,Ohio,1987
130,OK,1987,1.1360000371933,3211000,118.24976348877001,43220656,34.4166641235352,120.18383026122999,37.917163848877,Oklahoma,1987
131,OR,1987,1.1360000371933,2701000,109.21881103515601,40274160,43.0,125.09166717529301,43.0,Oregon,1987
132,PA,1987,1.1360000371933,11812000,112.487289428711,190656640,34.0,118.022171020508,40.6805000305176,Pennsylvania,1987
133,RI,1987,1.1360000371933,990000,121.818183898926,16477743,41.0,118.166664123535,41.0,Rhode Island,1987
134,SC,1987,1.1360000371933,3381000,127.151733398438,44136172,23.0,102.88250732421899,27.899166107177702,South Carolina,1987
135,SD,1987,1.1360000371933,696000,98.99425506591801,9199160,39.0,120.116661071777,39.0,South Dakota,1987
136,TN,1987,1.1360000371933,4784000,130.81103515625,66524200,29.0,117.197998046875,37.6813316345215,Tennessee,1987
137,TX,1987,1.1360000371933,16624000,104.313041687012,240782432,36.5,123.889999389648,41.2649993896484,Texas,1987
138,UT,1987,1.1360000371933,1678000,68.53396606445311,21208236,29.83333206176761,117.97625732421899,35.4512481689453,Utah,1987
139,VA,1987,1.1360000371933,5933000,129.66458129882798,102817072,18.5000019073486,102.93399810791,22.4590015411377,Virginia,1987
140,VT,1987,1.1360000371933,540000,127.777778625488,8099821,33.0,124.35799407959,37.7830009460449,Vermont,1987
141,WA,1987,1.1360000371933,4533000,88.9697799682617,73871752,47.0,148.087997436523,56.6879997253418,Washington,1987
142,WI,1987,1.1360000371933,4779000,106.84243774414101,73377744,41.0,126.586250305176,47.02791595458979,Wisconsin,1987
143,WV,1987,1.1360000371933,1858000,113.832077026367,22197652,33.0,124.19750213622999,38.91416549682621,West Virginia,1987
144,WY,1987,1.1360000371933,477000,119.496856689453,6769883,24.0,108.650001525879,24.0,Wyoming,1987
145,AL,1988,1.18300008773804,4024000,115.258445739746,55698852,32.5000038146973,120.03342437744101,33.5250854492187,Alabama,1988
146,AR,1988,1.18300008773804,2343000,125.52283477783199,30492638,37.0,129.427993774414,41.978000640869105,Arkansas,1988
147,AZ,1988,1.18300008773804,3536000,99.4626693725586,55836700,31.0,126.586250305176,37.027915954589794,Arizona,1988
148,CA,1988,1.18300008773804,28468000,88.38345336914058,561121088,26.0,130.00900268554702,33.359001159668004,California,1988
149,CO,1988,1.18300008773804,3263000,97.0272750854492,56387208,36.0,124.633331298828,36.0,Colorado,1988
150,CT,1988,1.18300008773804,3272000,103.85085296630899,78551080,42.0,147.824996948242,52.9500007629395,Connecticut,1988
151,DE,1988,1.18300008773804,648000,135.956787109375,12506597,30.0,122.04167175292999,30.0,Delaware,1988
152,FL,1988,1.18300008773804,12308000,118.061424255371,216504528,40.0,142.721252441406,46.7962493896484,Florida,1988
153,GA,1988,1.18300008773804,6317000,123.68212127685499,100276824,28.0,117.949005126953,29.048999786377,Georgia,1988
154,IA,1988,1.18300008773804,2769000,103.539184570312,42399264,44.66666412353521,139.767349243164,50.04233169555661,Iowa,1988
155,ID,1988,1.18300008773804,986000,88.6409759521484,13353923,34.0,135.16125488281298,40.436248779296896,Idaho,1988
156,IL,1988,1.18300008773804,11392000,110.094795227051,210271984,36.000007629394496,136.863662719727,43.7470092773437,Illinois,1988
157,IN,1988,1.18300008773804,5493000,135.863815307617,85759016,31.5,120.706253051758,37.247917175293004,Indiana,1988
158,KS,1988,1.18300008773804,2462000,104.63037872314501,40206912,40.0,136.5,45.25,Kansas,1988
159,KY,1988,1.18300008773804,3681000,172.507476806641,49938632,19.0,104.87750244140601,23.9941673278809,Kentucky,1988
160,LA,1988,1.18300008773804,4289000,116.810447692871,56239456,32.0,131.464660644531,37.0563316345215,Louisiana,1988
161,MA,1988,1.18300008773804,5981000,109.898002624512,127579568,42.0,141.516662597656,42.0,Massachusetts,1988
162,MD,1988,1.18300008773804,4659000,112.66366577148399,96071784,29.0,115.616661071777,29.0,Maryland,1988
163,ME,1988,1.18300008773804,1204000,123.754150390625,19035832,44.0,144.882507324219,50.899166107177706,Maine,1988
164,MI,1988,1.18300008773804,9219000,121.705177307129,158529136,39.0,129.218322753906,40.051666259765604,Michigan,1988
165,MN,1988,1.18300008773804,4297000,94.0423583984375,75578160,54.0,156.88000488281298,62.88000106811521,Minnesota,1988
166,MO,1988,1.18300008773804,5082000,129.712707519531,81744480,29.000003814697298,118.14942169189501,30.041088104248,Missouri,1988
167,MS,1988,1.18300008773804,2581000,113.018211364746,30176940,34.0,131.934661865234,41.46799850463871,Mississippi,1988
168,MT,1988,1.18300008773804,800000,90.625,10692508,32.0,119.79167175292999,32.0,Montana,1988
169,NC,1988,1.18300008773804,6482000,145.572357177734,100196176,18.0,105.849662780762,21.0830001831055,North Carolina,1988
170,ND,1988,1.18300008773804,655000,92.3664093017578,8352113,43.0,138.488998413086,50.8390007019043,North Dakota,1988
171,NE,1988,1.18300008773804,1572000,95.5470733642578,25118636,43.0,137.938659667969,48.3053321838379,Nebraska,1988
172,NH,1988,1.18300008773804,1083000,176.638961791992,21390430,33.0,120.73333740234399,33.0,New Hampshire,1988
173,NJ,1988,1.18300008773804,7713000,108.01244354247999,170763504,43.0,136.29167175293,43.0,New Jersey,1988
174,NM,1988,1.18300008773804,1491000,79.4768600463867,19853934,31.0,127.65374755859399,37.0787506103516,New Mexico,1988
175,NV,1988,1.18300008773804,1075000,135.53488159179702,19544342,36.0,147.269348144531,44.336002349853494,Nevada,1988
176,NY,1988,1.18300008773804,17944000,106.34752655029301,369668224,37.0000038146973,133.311996459961,38.112003326416,New York,1988
177,OH,1988,1.18300008773804,10800000,122.78703308105499,180756992,34.0,121.231254577637,39.772918701171896,Ohio,1988
178,OK,1988,1.18300008773804,3168000,109.343437194824,45152640,39.0,134.055999755859,44.1559982299805,Oklahoma,1988
179,OR,1988,1.18300008773804,2742000,108.05980682372999,44030080,43.0,139.083343505859,43.0,Oregon,1988
180,PA,1988,1.18300008773804,11847000,108.71106719970699,205200224,34.0,125.530502319336,41.10549926757809,Pennsylvania,1988
181,RI,1988,1.18300008773804,997000,137.011032104492,18205036,41.0,128.09167480468798,41.0,Rhode Island,1988
182,SC,1988,1.18300008773804,3413000,126.047462463379,47922880,23.0,112.24500274658199,28.344999313354503,South Carolina,1988
183,SD,1988,1.18300008773804,698000,94.9856796264648,9639202,39.0,134.24250793457,45.39250183105471,South Dakota,1988
184,TN,1988,1.18300008773804,4823000,127.24446105957001,71900880,29.0,126.990005493164,38.406665802002,Tennessee,1988
185,TX,1988,1.18300008773804,16669000,97.7923049926758,255401648,40.625,139.787506103516,48.5374984741211,Texas,1988
186,UT,1988,1.18300008773804,1690000,55.7396430969238,22224834,39.0,136.823745727539,45.5154151916504,Utah,1988
187,VA,1988,1.18300008773804,6038000,127.47599029541,112022304,18.5000038146973,111.676254272461,23.8179206848145,Virginia,1988
188,VT,1988,1.18300008773804,550000,128.727279663086,8904578,33.0,132.287994384766,38.0880012512207,Vermont,1988
189,WA,1988,1.18300008773804,4641000,86.4684371948242,80130192,47.0,157.040328979492,57.2736663818359,Washington,1988
190,WI,1988,1.18300008773804,4823000,102.882026672363,78125584,45.16666412353521,140.096252441406,51.8379135131836,Wisconsin,1988
191,WV,1988,1.18300008773804,1830000,115.40983581542999,23259046,33.0,133.822494506836,39.372501373291,West Virginia,1988
192,WY,1988,1.18300008773804,465000,123.01074981689501,6961888,24.0,116.224998474121,24.0,Wyoming,1988
193,AL,1989,1.24000000953674,4030000,109.205955505371,60044480,32.5000038146973,133.256011962891,33.6560020446777,Alabama,1989
194,AR,1989,1.24000000953674,2346000,122.80477142334,32409780,37.0,140.998001098633,42.423000335693395,Arkansas,1989
195,AZ,1989,1.24000000953674,3622000,94.9199371337891,60010740,31.0,134.697494506836,37.41416549682621,Arizona,1989
196,CA,1989,1.24000000953674,29218000,80.5154342651367,606701248,38.5,154.90133666992202,47.268001556396506,California,1989
197,CO,1989,1.24000000953674,3276000,91.3003692626953,60759576,36.0,141.59167480468702,36.0,Colorado,1989
198,CT,1989,1.24000000953674,3283000,100.03045654296899,84702664,45.5,166.716003417969,57.849334716796896,Connecticut,1989
199,DE,1989,1.24000000953674,658000,130.851058959961,13777657,30.0,133.333343505859,30.0,Delaware,1989
200,FL,1989,1.24000000953674,12638000,112.604843139648,240686672,40.0,154.55685424804702,48.7485008239746,Florida,1989
201,GA,1989,1.24000000953674,6411000,117.62595367431601,107725352,28.0,129.33674621582,29.161750793457,Georgia,1989
202,IA,1989,1.24000000953674,2771000,97.0046920776367,45887504,50.0,155.454010009766,55.97900009155271,Iowa,1989
203,ID,1989,1.24000000953674,994000,80.88531494140629,14720691,34.0,144.99626159668,40.9045829772949,Idaho,1989
204,IL,1989,1.24000000953674,11410000,106.976333618164,224024336,36.000007629394496,143.506332397461,44.123008728027294,Illinois,1989
205,IN,1989,1.24000000953674,5524000,134.28674316406298,92629880,31.5,132.177490234375,37.7941665649414,Indiana,1989
206,KS,1989,1.24000000953674,2473000,97.9377288818359,42267324,40.0,147.602005004883,45.677001953125,Kansas,1989
207,KY,1989,1.24000000953674,3677000,176.094650268555,53695508,19.0,116.217498779297,24.534166336059602,Kentucky,1989
208,LA,1989,1.24000000953674,4253000,108.8408203125,59528360,32.0,143.632675170898,37.5243339538574,Louisiana,1989
209,MA,1989,1.24000000953674,6016000,102.493354797363,135095936,42.0,158.357498168945,49.5408325195313,Massachusetts,1989
210,MD,1989,1.24000000953674,4727000,107.59466552734399,104005032,29.0,126.791664123535,29.0,Maryland,1989
211,ME,1989,1.24000000953674,1220000,120.901641845703,20599674,44.0,159.39875793457,51.59041595458979,Maine,1989
212,MI,1989,1.24000000953674,9253000,117.64832305908199,169112992,41.0,140.50192260742202,42.14358520507809,Michigan,1989
213,MN,1989,1.24000000953674,4338000,92.09313201904301,82277040,54.0,167.709671020508,63.4930000305176,Minnesota,1989
214,MO,1989,1.24000000953674,5096000,125.45132446289101,87050224,29.000003814697298,125.968505859375,30.1185035705566,Missouri,1989
215,MS,1989,1.24000000953674,2574000,112.19891357421899,32281126,34.0,142.066497802734,42.0415000915527,Mississippi,1989
216,MT,1989,1.24000000953674,800000,88.375,11692829,32.0,131.983337402344,32.0,Montana,1989
217,NC,1989,1.24000000953674,6565000,139.055603027344,108584976,18.0,116.115341186523,21.381999969482397,North Carolina,1989
218,ND,1989,1.24000000953674,646000,89.3188858032227,9279703,43.0,147.393005371094,51.3429985046387,North Dakota,1989
219,NE,1989,1.24000000953674,1575000,95.87301635742192,26581180,43.0,147.359329223633,48.667667388915994,Nebraska,1989
220,NH,1989,1.24000000953674,1105000,170.497741699219,22792080,33.0,129.399993896484,33.0,New Hampshire,1989
221,NJ,1989,1.24000000953674,7726000,103.48175048828101,182297648,43.0,145.21667480468798,43.0,New Jersey,1989
222,NM,1989,1.24000000953674,1504000,76.1303176879883,21182568,31.0,137.479995727539,37.5466651916504,New Mexico,1989
223,NV,1989,1.24000000953674,1137000,129.727355957031,22256010,36.0,162.436172485352,45.1944999694824,Nevada,1989
224,NY,1989,1.24000000953674,17983000,100.322525024414,395022080,39.0000038146973,150.874420166016,40.266086578369105,New York,1989
225,OH,1989,1.24000000953674,10829000,119.30926513671899,193034656,34.0,135.65124511718702,40.4595832824707,Ohio,1989
226,OK,1989,1.24000000953674,3150000,102.63491821289101,48089840,39.0,146.440673828125,44.6323318481445,Oklahoma,1989
227,OR,1989,1.24000000953674,2791000,105.195266723633,48059984,43.0,151.358337402344,43.0,Oregon,1989
228,PA,1989,1.24000000953674,11866000,108.730819702148,222195136,34.0,136.907821655273,41.7495002746582,Pennsylvania,1989
229,RI,1989,1.24000000953674,1001000,120.079917907715,19669940,43.0,138.358337402344,43.0,Rhode Island,1989
230,SC,1989,1.24000000953674,3457000,124.32745361328101,51276188,23.0,125.641250610352,28.9829158782959,South Carolina,1989
231,SD,1989,1.24000000953674,697000,90.5308456420898,10288122,39.0,140.642669677734,44.409332275390604,South Dakota,1989
232,TN,1989,1.24000000953674,4854000,127.11166381835899,77104680,29.0,139.725006103516,39.3499984741211,Tennessee,1989
233,TX,1989,1.24000000953674,16807000,95.0794296264648,274342784,42.0,150.599502563477,50.52449798583979,Texas,1989
234,UT,1989,1.24000000953674,1706000,57.4443130493164,23842736,39.0,152.363754272461,46.25541687011721,Utah,1989
235,VA,1989,1.24000000953674,6120000,121.01306915283199,121057680,18.5000038146973,126.630004882812,24.530004501342802,Virginia,1989
236,VT,1989,1.24000000953674,558000,120.430107116699,9769222,33.0,143.381332397461,38.51466751098629,Vermont,1989
237,WA,1989,1.24000000953674,4746000,83.965446472168,88616008,47.25,170.085433959961,58.377082824707,Washington,1989
238,WI,1989,1.24000000953674,4857000,100.59707641601601,84013416,46.0,153.054992675781,53.28833389282229,Wisconsin,1989
239,WV,1989,1.24000000953674,1807000,110.459327697754,24440400,33.0,146.306488037109,41.2814979553223,West Virginia,1989
240,WY,1989,1.24000000953674,458000,119.213973999023,7509524,24.0,122.625,24.0,Wyoming,1989
241,AL,1990,1.3069999217987098,4048508,111.744873046875,64094948,32.5000038146973,143.448577880859,33.7569198608398,Alabama,1990
242,AR,1990,1.3069999217987098,2354343,117.017784118652,34159184,37.0,150.063323974609,42.7716674804687,Arkansas,1990
243,AZ,1990,1.3069999217987098,3679056,85.81005859375,63319164,31.0,147.857498168945,38.0408325195312,Arizona,1990
244,CA,1990,1.3069999217987098,29950112,74.20005798339841,655567168,51.0,187.849670410156,61.632999420165994,California,1990
245,CO,1990,1.3069999217987098,3303862,89.1381072998047,65094512,36.0,147.199996948242,36.0,Colorado,1990
246,CT,1990,1.3069999217987098,3289056,90.8163299560547,87935184,56.0,183.825012207031,69.61666870117189,Connecticut,1990
247,DE,1990,1.3069999217987098,669063,124.353012084961,14475729,30.0,138.949996948242,30.0,Delaware,1990
248,FL,1990,1.3069999217987098,13018365,105.742919921875,258479056,40.0,168.257339477539,49.52400207519529,Florida,1990
249,GA,1990,1.3069999217987098,6506531,112.640670776367,115414192,28.0,136.979080200195,29.237417221069304,Georgia,1990
250,IA,1990,1.3069999217987098,2779769,97.66998291015629,48312552,47.0,159.102676391602,53.1193351745605,Iowa,1990
251,ID,1990,1.3069999217987098,1011882,91.3149948120117,16054421,34.0,150.263748168945,41.1554183959961,Idaho,1990
252,IL,1990,1.3069999217987098,11446979,95.9991226196289,237593008,46.0000076293945,160.280838012695,55.072509765625,Illinois,1990
253,IN,1990,1.3069999217987098,5555097,129.37667846679702,97907440,31.5,140.40251159668,38.1858329772949,Indiana,1990
254,KS,1990,1.3069999217987098,2480683,95.45758056640629,45103584,40.0,151.571334838867,45.82966613769529,Kansas,1990
255,KY,1990,1.3069999217987098,3692584,186.481872558594,57175332,19.0,124.38125610351601,24.9229164123535,Kentucky,1990
256,LA,1990,1.3069999217987098,4219179,107.43796539306601,64229064,32.0,150.47067260742202,37.78733444213871,Louisiana,1990
257,MA,1990,1.3069999217987098,6018664,97.5465621948242,139772368,42.0,166.696243286133,49.937915802002,Massachusetts,1990
258,MD,1990,1.3069999217987098,4797431,99.9701690673828,110449944,29.0,137.391662597656,29.0,Maryland,1990
259,ME,1990,1.3069999217987098,1231296,114.91956329345699,21521460,46.25,166.58248901367202,54.182498931884794,Maine,1990
260,MI,1990,1.3069999217987098,9310462,114.741889953613,177103456,41.0,145.678176879883,42.194831848144496,Michigan,1990
261,MN,1990,1.3069999217987098,4387283,89.4631118774414,87795488,54.0,179.210662841797,64.1439971923828,Minnesota,1990
262,MO,1990,1.3069999217987098,5126370,120.962783813477,90999728,29.000003814697298,132.264175415039,30.1808376312256,Missouri,1990
263,MS,1990,1.3069999217987098,2577426,105.376449584961,33928256,34.0,150.025329589844,42.492000579834,Mississippi,1990
264,MT,1990,1.3069999217987098,799824,86.8941192626953,12416204,33.5,141.766662597656,33.5,Montana,1990
265,NC,1990,1.3069999217987098,6656987,131.60607910156298,115608648,18.0,126.02050018310499,21.6704998016357,North Carolina,1990
266,ND,1990,1.3069999217987098,637364,82.9981002807617,10121249,46.0,162.542175292969,55.2005004882812,North Dakota,1990
267,NE,1990,1.3069999217987098,1580664,91.5438079833984,28591104,43.0,154.474655151367,48.941333770752,Nebraska,1990
268,NH,1990,1.3069999217987098,1111831,154.429946899414,23029404,38.666664123535206,145.733322143555,38.666664123535206,New Hampshire,1990
269,NJ,1990,1.3069999217987098,7757158,98.4767913818359,192117136,43.0,159.858337402344,43.0,New Jersey,1990
270,NM,1990,1.3069999217987098,1519933,71.5820999145508,22738520,31.0,148.426254272461,38.0679168701172,New Mexico,1990
271,NV,1990,1.3069999217987098,1218629,120.545303344727,25193918,51.0,191.913009643555,61.86299896240229,Nevada,1990
272,NY,1990,1.3069999217987098,18002856,93.86843872070308,419742656,49.500003814697294,178.86267089843705,56.379337310790994,New York,1990
273,OH,1990,1.3069999217987098,10861837,115.84597015380899,204114304,34.0,144.865005493164,40.89833450317379,Ohio,1990
274,OK,1990,1.3069999217987098,3147105,93.1967620849609,51026776,39.0,153.764007568359,44.9140014648437,Oklahoma,1990
275,OR,1990,1.3069999217987098,2858547,98.7914505004883,52177756,43.66666412353521,158.433334350586,43.66666412353521,Oregon,1990
276,PA,1990,1.3069999217987098,11895604,102.54208374023399,235802320,34.0,148.15266418457,42.3860015869141,Pennsylvania,1990
277,RI,1990,1.3069999217987098,1004649,100.632164001465,20287488,53.0,162.21667480468798,53.0,Rhode Island,1990
278,SC,1990,1.3069999217987098,3499064,118.974678039551,56158328,23.0,133.787490844727,29.3708324432373,South Carolina,1990
279,SD,1990,1.3069999217987098,696667,91.5789031982422,11312137,39.0,151.372009277344,44.8219985961914,South Dakota,1990
280,TN,1990,1.3069999217987098,4890626,123.21530914306601,82267328,29.0,147.311996459961,39.9119987487793,Tennessee,1990
281,TX,1990,1.3069999217987098,17044714,85.0116882324219,297569440,42.0,162.418502807617,51.1935005187988,Texas,1990
282,UT,1990,1.3069999217987098,1729722,53.0143013000488,25938560,39.0,168.804992675781,47.03833389282229,Utah,1990
283,VA,1990,1.3069999217987098,6213526,115.74748229980499,127614144,18.5000038146973,139.868759155273,25.16042137146,Virginia,1990
284,VT,1990,1.3069999217987098,564526,122.580711364746,10192738,33.0,153.330673217773,38.8973350524902,Vermont,1990
285,WA,1990,1.3069999217987098,4900780,78.74256896972659,98143120,50.0,185.404235839844,62.1292495727539,Washington,1990
286,WI,1990,1.3069999217987098,4902265,94.4869384765625,89025200,46.0,163.24874877929702,53.7737503051758,Wisconsin,1990
287,WV,1990,1.3069999217987098,1792481,111.465614318848,26132850,33.0,152.216003417969,41.6160011291504,West Virginia,1990
288,WY,1990,1.3069999217987098,453401,104.763771057129,8159438,28.0,128.041656494141,28.0,Wyoming,1990
289,AL,1991,1.36199998855591,4091025,107.014747619629,67649568,34.5000038146973,161.72116088867202,35.937835693359396,Alabama,1991
290,AR,1991,1.36199998855591,2370666,116.254249572754,36164020,39.0,170.09201049804702,45.5419998168945,Arkansas,1991
291,AZ,1991,1.36199998855591,3762394,80.7464599609375,66077264,35.25,166.591247558594,43.1829147338867,Arizona,1991
292,CA,1991,1.36199998855591,30414114,68.5306854248047,669842240,53.0,206.991500854492,64.7164993286133,California,1991
293,CO,1991,1.36199998855591,3367567,88.9069137573242,68992136,38.0,152.25,38.0,Colorado,1991
294,CT,1991,1.36199998855591,3288640,87.02685546875,88344096,58.0,194.669998168945,72.4199981689453,Connecticut,1991
295,DE,1991,1.36199998855591,680495,117.41452789306601,15203588,39.083335876464794,160.40832519531298,39.083335876464794,Delaware,1991
296,FL,1991,1.36199998855591,13289497,97.62596893310551,268304176,51.9000015258789,192.47834777832,62.7950019836426,Florida,1991
297,GA,1991,1.36199998855591,6621279,109.07258605957001,121094216,30.0,151.674575805664,31.3829174041748,Georgia,1991
298,IA,1991,1.36199998855591,2791227,96.3375625610352,49848588,49.41666412353521,172.68333435058602,56.0583305358887,Iowa,1991
299,ID,1991,1.36199998855591,1038915,82.97117614746091,16825220,36.0,165.235000610352,43.86833190917971,Idaho,1991
300,IL,1991,1.36199998855591,11535973,95.3365707397461,245952368,48.0000076293945,178.83967590332,58.123008728027294,Illinois,1991
301,IN,1991,1.36199998855591,5602062,126.364189147949,101146560,33.5,153.081253051758,40.7895851135254,Indiana,1991
302,KS,1991,1.36199998855591,2495209,91.61557006835942,46989840,42.0,168.471328735352,48.4796676635742,Kansas,1991
303,KY,1991,1.36199998855591,3714686,169.139450073242,60328548,21.0,136.837173461914,28.7455005645752,Kentucky,1991
304,LA,1991,1.36199998855591,4240950,106.344100952148,68178512,37.6666679382324,172.1806640625,44.2890014648437,Louisiana,1991
305,MA,1991,1.36199998855591,5998652,94.8213043212891,142463680,44.0,178.83250427246102,52.5158348083496,Massachusetts,1991
306,MD,1991,1.36199998855591,4856176,97.3399658203125,114466200,31.25,149.975006103516,31.25,Maryland,1991
307,ME,1991,1.36199998855591,1235439,116.314926147461,21820184,50.0,181.510009765625,58.6433334350586,Maine,1991
308,MI,1991,1.36199998855591,9395022,109.494155883789,181495456,43.0,164.49783325195298,44.381168365478494,Michigan,1991
309,MN,1991,1.36199998855591,4427429,85.87376403808591,90713792,56.4166679382324,196.04699707031293,67.5136642456055,Minnesota,1991
310,MO,1991,1.36199998855591,5157770,119.54779052734399,95729992,31.000003814697298,145.495162963867,32.3118362426758,Missouri,1991
311,MS,1991,1.36199998855591,2591230,104.89227294921899,35774984,36.0,162.100509643555,45.17549896240229,Mississippi,1991
312,MT,1991,1.36199998855591,807837,81.69964599609379,13336500,36.0,154.875,36.0,Montana,1991
313,NC,1991,1.36199998855591,6748135,130.406402587891,120648272,20.0,139.30749511718798,24.0575008392334,North Carolina,1991
314,ND,1991,1.36199998855591,634199,85.30445861816409,10318486,48.0,174.908828735352,57.9005012512207,North Dakota,1991
315,NE,1991,1.36199998855591,1590805,91.71456909179692,29853372,45.0,170.056259155273,53.0979156494141,Nebraska,1991
316,NH,1991,1.36199998855591,1107055,147.327819824219,23608532,43.0,159.691650390625,43.0,New Hampshire,1991
317,NJ,1991,1.36199998855591,7784269,86.5334930419922,195795520,58.0,186.30833435058602,58.0,New Jersey,1991
318,NM,1991,1.36199998855591,1547115,69.3548965454102,24357692,33.0,165.226257324219,40.8679161071777,New Mexico,1991
319,NV,1991,1.36199998855591,1285046,111.746971130371,27349370,53.0,201.762176513672,64.42050170898439,Nevada,1991
320,NY,1991,1.36199998855591,18029532,86.5968170166016,431671584,57.000003814697294,198.25,64.625,New York,1991
321,OH,1991,1.36199998855591,10933683,112.49639892578101,210116960,36.0,158.567489624023,43.5508346557617,Ohio,1991
322,OK,1991,1.36199998855591,3166471,87.1316986083984,52947292,41.0,169.373764038086,49.0654182434082,Oklahoma,1991
323,OR,1991,1.36199998855591,2918745,98.1586227416992,54890876,46.0,169.74166870117202,46.0,Oregon,1991
324,PA,1991,1.36199998855591,11943160,102.200752258301,244892208,36.0,164.202819824219,45.294498443603494,Pennsylvania,1991
325,RI,1991,1.36199998855591,1003990,104.084701538086,20443910,55.0,181.458343505859,55.0,Rhode Island,1991
326,SC,1991,1.36199998855591,3559470,120.21452331542999,58405664,25.0,149.12625122070298,32.1012496948242,South Carolina,1991
327,SD,1991,1.36199998855591,701445,91.24022674560551,11896990,41.0,163.669998168945,47.29499816894529,South Dakota,1991
328,TN,1991,1.36199998855591,4946886,119.630813598633,86583088,31.0,164.726989746094,43.20199966430661,Tennessee,1991
329,TX,1991,1.36199998855591,17339904,78.65672302246091,314725568,59.0,191.330001831055,69.8300018310547,Texas,1991
330,UT,1991,1.36199998855591,1771941,52.48481750488279,27749680,41.0,174.798751831055,49.3237495422363,Utah,1991
331,VA,1991,1.36199998855591,6283853,108.754928588867,132536112,20.5000038146973,156.08248901367202,27.932502746582,Virginia,1991
332,VT,1991,1.36199998855591,567141,120.957572937012,10332389,35.0,166.009994506836,41.3849983215332,Vermont,1991
333,WA,1991,1.36199998855591,5013443,77.3520278930664,104786248,52.0,203.068161010742,65.2848358154297,Washington,1991
334,WI,1991,1.36199998855591,4952675,94.71649169921879,92669448,48.0,177.143768310547,56.435417175293,Wisconsin,1991
335,WV,1991,1.36199998855591,1798212,110.164985656738,27366612,35.0,161.111175537109,44.119499206543,West Virginia,1991
336,WY,1991,1.36199998855591,457739,106.82943725585899,8636382,30.0,143.058334350586,30.0,Wyoming,1991
337,AL,1992,1.40299999713898,4139269,106.902931213379,72281824,36.5000038146973,176.113662719727,38.0803375244141,Alabama,1992
338,AR,1992,1.40299999713898,2394098,124.096839904785,39322416,42.0,187.75749206543,50.94083404541021,Arkansas,1992
339,AZ,1992,1.40299999713898,3867333,76.35752868652341,70119912,38.0,184.94874572753898,46.80708312988279,Arizona,1992
340,CA,1992,1.40299999713898,30875920,66.3818283081055,701571584,55.0,218.030334472656,69.2636642456055,California,1992
341,CO,1992,1.40299999713898,3459995,84.74000549316409,74206960,40.0,163.74166870117202,40.0,Colorado,1992
342,CT,1992,1.40299999713898,3274997,84.2443542480469,93778704,63.75,209.22633361816398,75.59300231933591,Connecticut,1992
343,DE,1992,1.40299999713898,690158,116.92974853515601,15938837,44.0,182.399993896484,44.0,Delaware,1992
344,FL,1992,1.40299999713898,13504775,93.90011596679692,279028352,53.9000015258789,202.362823486328,65.3544998168945,Florida,1992
345,GA,1992,1.40299999713898,6759474,106.39881134033199,130683560,32.0,165.511581420898,33.5199165344238,Georgia,1992
346,IA,1992,1.40299999713898,2806923,93.9106597900391,53161048,56.0,192.434661865234,63.4013328552246,Iowa,1992
347,ID,1992,1.40299999713898,1066490,80.45082092285159,18382160,38.0,178.00999450683602,46.4766654968262,Idaho,1992
348,IL,1992,1.40299999713898,11635197,93.2773284912109,264868800,50.0000076293945,195.349166870117,61.0575065612793,Illinois,1992
349,IN,1992,1.40299999713898,5648649,126.15406036377001,108844848,35.5,163.625015258789,43.2916679382324,Indiana,1992
350,KS,1992,1.40299999713898,2526042,88.7554550170898,50406832,44.0,181.167999267578,50.9679985046387,Kansas,1992
351,KY,1992,1.40299999713898,3756358,164.494445800781,65059952,23.0,149.883987426758,31.483999252319304,Kentucky,1992
352,LA,1992,1.40299999713898,4270849,106.887413024902,72466152,40.0,186.679992675781,47.1800003051758,Louisiana,1992
353,MA,1992,1.40299999713898,5993474,91.1991958618164,149095680,46.0,187.57374572753898,54.93208312988279,Massachusetts,1992
354,MD,1992,1.40299999713898,4902545,90.6060028076172,119417456,39.333335876464794,179.497497558594,47.8808364868164,Maryland,1992
355,ME,1992,1.40299999713898,1235748,114.99108123779301,22675764,57.0,201.991836547852,68.43350219726561,Maine,1992
356,MI,1992,1.40299999713898,9470323,105.920356750488,192037536,45.0,182.87141418457,46.56308364868161,Michigan,1992
357,MN,1992,1.40299999713898,4471503,82.67913818359379,97024880,63.0,219.590759277344,77.3657531738281,Minnesota,1992
358,MO,1992,1.40299999713898,5193686,121.18560791015601,101493392,33.0000038146973,157.152252197266,34.427253723144496,Missouri,1992
359,MS,1992,1.40299999713898,2610193,102.521156311035,38397576,38.0,180.959671020508,48.2430000305176,Mississippi,1992
360,MT,1992,1.40299999713898,822436,83.897102355957,14075520,38.0,172.039993286133,38.0,Montana,1992
361,NC,1992,1.40299999713898,6831850,126.15909576416,130627408,24.75,155.696670532227,30.7383346557617,North Carolina,1992
362,ND,1992,1.40299999713898,635427,74.4381332397461,11241941,49.0,184.148513793945,59.42350006103521,North Dakota,1992
363,NE,1992,1.40299999713898,1602406,89.3032073974609,31548426,47.0,182.691253662109,55.6995849609375,Nebraska,1992
364,NH,1992,1.40299999713898,1112766,145.58317565918,24652176,45.0,174.141662597656,45.0,New Hampshire,1992
365,NJ,1992,1.40299999713898,7827770,85.9504013061523,208197344,60.0,213.402587890625,73.9609146118164,New Jersey,1992
366,NM,1992,1.40299999713898,1580750,69.3341751098633,25964036,35.0,177.835006713867,43.468334197998,New Mexico,1992
367,NV,1992,1.40299999713898,1330694,102.803497314453,30199270,55.0,209.23851013183602,68.68849945068361,Nevada,1992
368,NY,1992,1.40299999713898,18082032,82.3524703979492,455657120,59.000003814697294,209.655334472656,67.0636672973633,New York,1992
369,OH,1992,1.40299999713898,11007609,110.85968017578101,222811728,38.0,169.356262207031,46.064582824707,Ohio,1992
370,OK,1992,1.40299999713898,3204174,84.6083908081055,56155136,43.0,186.357498168945,51.8741683959961,Oklahoma,1992
371,OR,1992,1.40299999713898,2973934,97.7829360961914,58162804,48.0,185.774993896484,48.0,Oregon,1992
372,PA,1992,1.40299999713898,11980819,95.65289306640629,258186144,49.91666412353521,190.322998046875,60.6896629333496,Pennsylvania,1992
373,RI,1992,1.40299999713898,1000571,100.94235992431601,21269332,57.0,208.230926513672,70.6225814819336,Rhode Island,1992
374,SC,1992,1.40299999713898,3600576,110.482322692871,61803472,27.0,167.212493896484,34.9625015258789,South Carolina,1992
375,SD,1992,1.40299999713898,708698,91.4352874755859,12732224,43.0,180.015335083008,49.923667907714794,South Dakota,1992
376,TN,1992,1.40299999713898,5013999,118.388534545898,94464752,33.0,180.981002807617,46.4059982299805,Tennessee,1992
377,TX,1992,1.40299999713898,17650480,75.0631103515625,337933984,61.0,208.66101074218705,72.8109970092773,Texas,1992
378,UT,1992,1.40299999713898,1821498,52.5391731262207,29788208,46.5,184.72999572753898,55.2966651916504,Utah,1992
379,VA,1992,1.40299999713898,6383315,106.198745727539,140206720,22.500003814697298,170.572494506836,30.622503280639602,Virginia,1992
380,VT,1992,1.40299999713898,570115,126.114906311035,10999179,38.5,179.252502441406,47.0358352661133,Vermont,1992
381,WA,1992,1.40299999713898,5139011,77.7970733642578,112633616,54.0,215.078918457031,68.07057952880861,Washington,1992
382,WI,1992,1.40299999713898,5004636,94.4923858642578,99453936,51.333335876464794,193.462493896484,60.5458374023437,Wisconsin,1992
383,WV,1992,1.40299999713898,1805462,96.5957717895508,29100894,37.0,172.638671875,46.771999359130895,West Virginia,1992
384,WY,1992,1.40299999713898,463491,107.445449829102,9061238,32.0,161.983337402344,32.0,Wyoming,1992
385,AL,1993,1.44500005245209,4193114,104.957794189453,75439176,38.5000038146973,164.734329223633,39.96767044067379,Alabama,1993
386,AR,1993,1.44500005245209,2423743,110.73781585693399,41190456,49.208335876464794,180.967498779297,57.825836181640604,Arkansas,1993
387,AZ,1993,1.44500005245209,3993390,75.2493515014648,74900032,40.0,179.261260986328,48.53625106811521,Arizona,1993
388,CA,1993,1.44500005245209,31147208,61.75192642211911,714107328,57.0,209.86267089843705,70.7293319702148,California,1993
389,CO,1993,1.44500005245209,3560884,82.6480178833008,80212048,42.0,159.11666870117202,42.0,Colorado,1993
390,CT,1993,1.44500005245209,3272325,79.7903594970703,96866464,67.0,214.88850402832,79.1634979248047,Connecticut,1993
391,DE,1993,1.44500005245209,699475,119.089317321777,16663330,46.0,166.916656494141,46.0,Delaware,1993
392,FL,1993,1.44500005245209,13713593,93.2797088623047,296927424,55.9000015258789,191.303512573242,66.7285003662109,Florida,1993
393,GA,1993,1.44500005245209,6894092,104.350219726563,138770624,34.0,156.985504150391,35.4355010986328,Georgia,1993
394,IA,1993,1.44500005245209,2820525,90.8341598510742,53390872,58.0,187.626251220703,66.9345855712891,Iowa,1993
395,ID,1993,1.44500005245209,1101204,79.36767578125,20105404,40.0,166.73123168945298,47.939582824707,Idaho,1993
396,IL,1993,1.44500005245209,11725984,92.3931045532227,274220704,52.0000076293945,186.40100097656293,62.5510063171387,Illinois,1993
397,IN,1993,1.44500005245209,5701965,123.55389404296899,114675360,37.5,158.34875488281202,45.0404167175293,Indiana,1993
398,KS,1993,1.44500005245209,2547605,87.88646697998051,52250372,46.0,173.61750793457,54.26750183105471,Kansas,1993
399,KY,1993,1.44500005245209,3792288,162.988662719727,67558768,25.0,145.979675292969,33.2630004882812,Kentucky,1993
400,LA,1993,1.44500005245209,4284749,104.276817321777,75911280,42.0,173.359329223633,48.667667388915994,Louisiana,1993
401,MA,1993,1.44500005245209,6010884,84.546630859375,154262080,60.5,193.40124511718705,69.7095794677734,Massachusetts,1993
402,MD,1993,1.44500005245209,4942504,80.9710998535156,124076160,58.0,190.540008544922,67.07333374023439,Maryland,1993
403,ME,1993,1.44500005245209,1238256,108.45899200439501,23292032,59.0,194.960510253906,70.03549957275389,Maine,1993
404,MI,1993,1.44500005245209,9529240,104.19509124755899,203827568,47.0,173.368988037109,48.4690017700195,Michigan,1993
405,MN,1993,1.44500005245209,4521709,79.5938034057617,99787104,70.0,218.164093017578,84.2724151611328,Minnesota,1993
406,MO,1993,1.44500005245209,5237757,119.44043731689501,106298472,35.0000038146973,149.989669799805,36.3563385009766,Missouri,1993
407,MS,1993,1.44500005245209,2635574,103.01361083984399,40767848,40.0,176.84423828125,51.5692481994629,Mississippi,1993
408,MT,1993,1.44500005245209,839876,81.5596618652344,15178490,41.154998779296896,163.30500793457,41.154998779296896,Montana,1993
409,NC,1993,1.44500005245209,6947412,124.924217224121,139239264,27.0,148.61599731445298,32.7159996032715,North Carolina,1993
410,ND,1993,1.44500005245209,637229,82.85874938964841,11361715,51.0,180.17350769043,61.1985015869141,North Dakota,1993
411,NE,1993,1.44500005245209,1612149,89.1977081298828,32512656,49.0,176.767501831055,57.4174995422363,Nebraska,1993
412,NH,1993,1.44500005245209,1122191,149.528915405273,25272604,47.0,167.175003051758,47.0,New Hampshire,1993
413,NJ,1993,1.44500005245209,7874891,81.7916030883789,213418800,62.0,203.458160400391,73.5165023803711,New Jersey,1993
414,NM,1993,1.44500005245209,1614937,65.575309753418,27818748,37.0,168.332504272461,45.0158348083496,New Mexico,1993
415,NV,1993,1.44500005245209,1380197,97.3774032592773,32385668,57.0,206.162246704102,70.4872512817383,Nevada,1993
416,NY,1993,1.44500005245209,18140894,77.9178848266602,464200544,62.41667175292971,205.13133239746102,70.30633544921871,New York,1993
417,OH,1993,1.44500005245209,11070385,106.84362030029301,232462848,43.0,162.828750610352,50.7537498474121,Ohio,1993
418,OK,1993,1.44500005245209,3228829,83.9623260498047,58394696,45.0,179.532501220703,53.54916763305661,Oklahoma,1993
419,OR,1993,1.44500005245209,3034490,93.0963668823242,61916252,50.0,180.774993896484,50.0,Oregon,1993
420,PA,1993,1.44500005245209,12022128,93.8685684204102,267020432,53.0,178.58351135253898,63.1085014343262,Pennsylvania,1993
421,RI,1993,1.44500005245209,997852,95.1042861938477,22089772,59.0,188.926315307617,71.3596649169922,Rhode Island,1993
422,SC,1993,1.44500005245209,3634507,111.624496459961,64711452,29.0,156.81750488281298,36.467498779296896,South Carolina,1993
423,SD,1993,1.44500005245209,716258,89.0740509033203,13297460,45.0,171.45266723632798,51.59433364868161,South Dakota,1993
424,TN,1993,1.44500005245209,5085666,116.50390625,100393936,35.0,170.918991088867,47.6606674194336,Tennessee,1993
425,TX,1993,1.44500005245209,17996764,77.6028366088867,356784352,63.0,199.889495849609,74.3144989013672,Texas,1993
426,UT,1993,1.44500005245209,1875993,52.0790863037109,31950464,48.5,176.688751220703,56.9137496948242,Utah,1993
427,VA,1993,1.44500005245209,6464795,102.12233734130899,147223168,24.500003814697298,168.0,32.5000038146973,Virginia,1993
428,VT,1993,1.44500005245209,574004,116.027069091797,11356945,42.0,173.44250488281205,50.2591667175293,Vermont,1993
429,WA,1993,1.44500005245209,5247704,74.6040573120117,117620616,56.0,214.543914794922,70.03558349609371,Washington,1993
430,WI,1993,1.44500005245209,5055318,88.6393280029297,104337360,60.0,194.57374572753898,69.2654190063477,Wisconsin,1993
431,WV,1993,1.44500005245209,1816179,111.993370056152,30374522,39.0,165.863510131836,48.388500213623,West Virginia,1993
432,WY,1993,1.44500005245209,469033,103.83065032959,9515136,34.0,155.191650390625,34.0,Wyoming,1993
433,AL,1994,1.48199999332428,4232965,103.426322937012,79832152,40.5000038146973,156.275573730469,41.883918762206996,Alabama,1994
434,AR,1994,1.48199999332428,2540605,101.629341125488,43498008,55.5,176.014999389648,63.88166809082029,Arkansas,1994
435,AZ,1994,1.48199999332428,4147561,72.8620986938477,82014176,42.0,170.69499206543,50.12833404541021,Arizona,1994
436,CA,1994,1.48199999332428,31317180,57.8660011291504,735104448,60.0,206.438674926758,73.5053329467773,California,1994
437,CO,1994,1.48199999332428,3653910,82.1311950683594,85859736,44.0,159.61666870117202,44.0,Colorado,1994
438,CT,1994,1.48199999332428,3268346,77.6233596801758,99787808,71.0,215.957336425781,83.2239990234375,Connecticut,1994
439,DE,1994,1.48199999332428,708416,121.679916381836,17377776,48.0,157.28332519531298,48.0,Delaware,1994
440,FL,1994,1.48199999332428,13961798,90.46829223632808,311908864,57.9000015258789,182.947174072266,68.255500793457,Florida,1994
441,GA,1994,1.48199999332428,7045900,102.669639587402,149165088,36.0,152.693008422852,37.3930015563965,Georgia,1994
442,IA,1994,1.48199999332428,2829422,91.67950439453129,57998884,60.0,184.625,68.7916641235352,Iowa,1994
443,ID,1994,1.48199999332428,1135459,83.8427429199219,21399344,42.0,159.862503051758,49.6124992370605,Idaho,1994
444,IL,1994,1.48199999332428,11804986,83.6002731323242,288509472,68.0000076293945,194.942825317383,79.0345077514648,Illinois,1994
445,IN,1994,1.48199999332428,5745626,124.86019897460899,121537088,39.5,153.746246337891,46.821250915527294,Indiana,1994
446,KS,1994,1.48199999332428,2569118,86.9559097290039,54856808,48.0,171.31623840332,56.1579170227051,Kansas,1994
447,KY,1994,1.48199999332428,3823215,164.808929443359,70781360,27.0,142.00466918945298,35.0380020141602,Kentucky,1994
448,LA,1994,1.48199999332428,4306500,103.610824584961,80871536,44.0,162.725341796875,50.2586669921875,Louisiana,1994
449,MA,1994,1.48199999332428,6031352,77.2297821044922,161885984,75.0,209.448760986328,84.973747253418,Massachusetts,1994
450,MD,1994,1.48199999332428,4985411,79.6925277709961,129848496,60.0,183.80250549316398,68.75250244140621,Maryland,1994
451,ME,1994,1.48199999332428,1237687,102.368370056152,24173868,61.0,193.078994750977,71.9290008544922,Maine,1994
452,MI,1994,1.48199999332428,9584481,110.511978149414,219120752,57.3333320617676,179.539245605469,58.780914306640604,Michigan,1994
453,MN,1994,1.48199999332428,4566028,81.3617401123047,107151552,72.0,213.634414672852,85.97608184814449,Minnesota,1994
454,MO,1994,1.48199999332428,5281206,117.245948791504,112313768,40.0000038146973,149.160095214844,41.3184204101562,Missouri,1994
455,MS,1994,1.48199999332428,2663450,103.136909484863,44077268,42.0,166.010498046875,52.860500335693395,Mississippi,1994
456,MT,1994,1.48199999332428,854923,82.5805358886719,15499025,42.10499954223629,153.79666137695298,42.10499954223629,Montana,1994
457,NC,1994,1.48199999332428,7060959,108.15811920166,147792512,29.0,145.218658447266,34.585334777831996,North Carolina,1994
458,ND,1994,1.48199999332428,639762,80.3423767089844,12176830,68.0,190.535003662109,78.7850036621094,North Dakota,1994
459,NE,1994,1.48199999332428,1621551,84.0553283691406,34325416,58.0,178.753753662109,66.5120849609375,Nebraska,1994
460,NH,1994,1.48199999332428,1133054,155.15588378906298,26989736,49.0,161.358337402344,49.0,New Hampshire,1994
461,NJ,1994,1.48199999332428,7918796,80.4920349121094,220817408,64.0,196.90382385253898,75.1455001831055,New Jersey,1994
462,NM,1994,1.48199999332428,1653329,64.4154891967773,29670304,45.0,169.443756103516,53.0687484741211,New Mexico,1994
463,NV,1994,1.48199999332428,1456388,93.9996795654297,35877512,59.0,203.68342590332,72.325080871582,Nevada,1994
464,NY,1994,1.48199999332428,18156652,71.64866638183591,478586304,80.0,218.677322387695,88.4106674194336,New York,1994
465,OH,1994,1.48199999332428,11111451,106.67374420166,245156112,48.0,161.455001831055,55.6883316040039,Ohio,1994
466,OK,1994,1.48199999332428,3246119,101.967918395996,60799744,47.0,170.16125488281202,55.1029167175293,Oklahoma,1994
467,OR,1994,1.48199999332428,3087142,91.0874862670898,66129688,57.8333320617676,182.850006103516,57.8333320617676,Oregon,1994
468,PA,1994,1.48199999332428,12042545,94.78063201904301,275336928,55.0,169.811996459961,64.61199951171871,Pennsylvania,1994
469,RI,1994,1.48199999332428,993412,93.6167449951172,22612016,68.0,198.636581420898,80.9949188232422,Rhode Island,1994
470,SC,1994,1.48199999332428,3666456,109.06990051269501,68510824,31.0,146.606246948242,37.9812507629395,South Carolina,1994
471,SD,1994,1.48199999332428,723038,91.9730377197266,14176712,47.0,165.247329711914,53.35566711425779,South Dakota,1994
472,TN,1994,1.48199999332428,5163016,114.138710021973,106855208,37.0,164.024993896484,49.1500015258789,Tennessee,1994
473,TX,1994,1.48199999332428,18338320,74.91416931152341,377582624,65.0,192.875823974609,75.9175033569336,Texas,1994
474,UT,1994,1.48199999332428,1930436,51.128345489502,34578712,50.5,173.565002441406,58.7649993896484,Utah,1994
475,VA,1994,1.48199999332428,6536771,103.15489959716801,154981632,26.500003814697298,164.9375,34.354171752929695,Virginia,1994
476,VT,1994,1.48199999332428,578900,118.846084594727,11897987,44.0,167.886245727539,51.99458312988279,Vermont,1994
477,WA,1994,1.48199999332428,5334896,68.1925201416016,123337472,78.0,237.37059020996102,93.5289154052734,Washington,1994
478,WI,1994,1.48199999332428,5095504,91.6101760864258,110569688,62.0,193.287506103516,71.2041702270508,Wisconsin,1994
479,WV,1994,1.48199999332428,1818490,102.22766876220699,31666084,41.0,163.248825073242,50.2405014038086,West Virginia,1994
480,WY,1994,1.48199999332428,474982,105.898750305176,9954215,36.0,150.666656494141,36.0,Wyoming,1994
481,AL,1995,1.5239999294281,4262731,101.085433959961,83903280,40.5000038146973,158.371337890625,41.904670715331996,Alabama,1995
482,AR,1995,1.5239999294281,2480121,111.04296875,45995496,55.5,175.542510986328,63.859169006347706,Arkansas,1995
483,AZ,1995,1.5239999294281,4306908,71.9541702270508,88870496,65.3333282470703,198.607498168945,74.7908248901367,Arizona,1995
484,CA,1995,1.5239999294281,31493524,56.8593063354492,771470144,61.0,210.504669189453,74.7713317871094,California,1995
485,CO,1995,1.5239999294281,3738061,82.5829238891602,92946544,44.0,167.350006103516,44.0,Colorado,1995
486,CT,1995,1.5239999294281,3265293,79.4721908569336,104315120,74.0,218.28050231933602,86.35549926757808,Connecticut,1995
487,DE,1995,1.5239999294281,718265,124.466598510742,18237436,48.0,165.600006103516,48.0,Delaware,1995
488,FL,1995,1.5239999294281,14185403,93.07455444335942,333525344,57.9000015258789,187.717178344727,68.525505065918,Florida,1995
489,GA,1995,1.5239999294281,7188538,97.4746246337891,159800448,36.0,156.57307434082,37.43141555786129,Georgia,1995
490,IA,1995,1.5239999294281,2840860,92.4015960693359,60170928,60.0,190.889999389648,69.08999633789061,Iowa,1995
491,ID,1995,1.5239999294281,1165000,74.8497848510742,22868920,52.0,179.637512207031,60.554168701171896,Idaho,1995
492,IL,1995,1.5239999294281,11884935,83.26507568359379,304767456,68.0000076293945,198.476165771484,79.234504699707,Illinois,1995
493,IN,1995,1.5239999294281,5791819,134.258346557617,126525008,39.5,154.533752441406,46.8587493896484,Indiana,1995
494,KS,1995,1.5239999294281,2586942,88.7534408569336,56626672,48.0,175.210006713867,56.343334197998,Kansas,1995
495,KY,1995,1.5239999294281,3855248,172.64778137207,74079712,27.0,145.979675292969,35.2630004882812,Kentucky,1995
496,LA,1995,1.5239999294281,4327978,105.176132202148,84572688,44.0,167.795349121094,50.4536666870117,Louisiana,1995
497,MA,1995,1.5239999294281,6062335,76.6206436157227,170051568,75.0,217.105010986328,85.3383331298828,Massachusetts,1995
498,MD,1995,1.5239999294281,5023650,77.4735488891602,135115456,60.0,186.033752441406,68.8587493896484,Maryland,1995
499,ME,1995,1.5239999294281,1237438,102.469779968262,25045934,61.0,197.230651855469,72.16400146484371,Maine,1995
500,MI,1995,1.5239999294281,9659871,81.3882522583008,231594240,99.0,240.849670410156,112.633003234863,Michigan,1995
501,MN,1995,1.5239999294281,4605445,82.94529724121091,113216856,72.0,220.348663330078,86.4153366088867,Minnesota,1995
502,MO,1995,1.5239999294281,5324610,122.45027923584,117639672,41.0000038146973,157.230087280273,42.38842010498049,Missouri,1995
503,MS,1995,1.5239999294281,2690788,105.582450866699,46241956,42.0,169.229400634766,53.071083068847706,Mississippi,1995
504,MT,1995,1.5239999294281,868522,87.1595687866211,16296835,42.0,156.21667480468798,42.0,Montana,1995
505,NC,1995,1.5239999294281,7185403,121.53806304931601,157633568,29.0,149.994003295898,34.7690010070801,North Carolina,1995
506,ND,1995,1.5239999294281,641548,79.8069686889648,12243384,68.0,192.248672485352,78.8820037841797,North Dakota,1995
507,NE,1995,1.5239999294281,1635142,87.2707061767578,36293064,58.0,182.175003051758,66.6750030517578,Nebraska,1995
508,NH,1995,1.5239999294281,1145604,156.33674621582,28649564,49.0,166.641662597656,49.0,New Hampshire,1995
509,NJ,1995,1.5239999294281,7965523,80.3713684082031,233208576,64.0,203.08717346191398,75.49549865722659,New Jersey,1995
510,NM,1995,1.5239999294281,1682417,64.6688690185547,31716160,45.0,176.146240234375,53.3879165649414,New Mexico,1995
511,NV,1995,1.5239999294281,1525777,93.52611541748051,39377292,59.0,206.599166870117,72.5158309936523,Nevada,1995
512,NY,1995,1.5239999294281,18150928,70.81732177734371,503163328,80.0,221.858001708984,88.5329971313477,New York,1995
513,OH,1995,1.5239999294281,11155493,111.38010406494101,255312928,48.0,165.891250610352,55.89958190917971,Ohio,1995
514,OK,1995,1.5239999294281,3265547,108.680107116699,63333300,47.0,170.134994506836,55.1016654968262,Oklahoma,1995
515,OR,1995,1.5239999294281,3141421,92.1557464599609,71209312,62.0,190.300003051758,62.0,Oregon,1995
516,PA,1995,1.5239999294281,12044780,95.6430892944336,285923232,55.0,176.163162231445,64.97149658203121,Pennsylvania,1995
517,RI,1995,1.5239999294281,989203,92.5998001098633,23786644,80.0,224.45924377441398,94.6842498779297,Rhode Island,1995
518,SC,1995,1.5239999294281,3699943,108.082748413086,72050072,31.0,152.818740844727,38.2770843505859,South Carolina,1995
519,SD,1995,1.5239999294281,728251,97.21923065185551,14454129,47.0,168.037994384766,53.4630012512207,South Dakota,1995
520,TN,1995,1.5239999294281,5241168,122.320053100586,114259984,37.0,167.067001342773,49.3753318786621,Tennessee,1995
521,TX,1995,1.5239999294281,18679706,73.0793075561523,402096768,65.0,198.202331542969,76.2190017700195,Texas,1995
522,UT,1995,1.5239999294281,1976774,49.2721977233887,37278220,50.5,180.976257324219,59.117916107177706,Utah,1995
523,VA,1995,1.5239999294281,6601392,105.38687133789101,161441792,26.5000057220459,166.66125488281298,34.4362564086914,Virginia,1995
524,VT,1995,1.5239999294281,582827,122.334754943848,12448607,44.0,175.638748168945,52.3637504577637,Vermont,1995
525,WA,1995,1.5239999294281,5431024,65.5309219360352,129680832,80.5,239.109344482422,96.14266967773442,Washington,1995
526,WI,1995,1.5239999294281,5137004,92.4663467407227,115959680,62.0,201.381256103516,71.58958435058591,Wisconsin,1995
527,WV,1995,1.5239999294281,1820560,115.568832397461,32611268,41.0,166.517181396484,50.42549896240229,West Virginia,1995
528,WY,1995,1.5239999294281,478447,112.238136291504,10293195,36.0,158.541656494141,36.0,Wyoming,1995
